{
  "Partial Update Booking" : {
    "transaction" : "Partial Update Booking",
    "sampleCount" : 600,
    "errorCount" : 0,
    "errorPct" : 0.0,
    "meanResTime" : 1077.7250000000008,
    "medianResTime" : 1045.5,
    "minResTime" : 301.0,
    "maxResTime" : 2727.0,
    "pct1ResTime" : 1474.8,
    "pct2ResTime" : 1615.9999999999973,
    "pct3ResTime" : 1897.99,
    "throughput" : 8.609433068832416,
    "receivedKBytesPerSec" : 7.767995508745749,
    "sentKBytesPerSec" : 2.6652248855662855
  },
  "Health Check" : {
    "transaction" : "Health Check",
    "sampleCount" : 600,
    "errorCount" : 0,
    "errorPct" : 0.0,
    "meanResTime" : 473.9966666666667,
    "medianResTime" : 314.0,
    "minResTime" : 292.0,
    "maxResTime" : 1266.0,
    "pct1ResTime" : 1014.8,
    "pct2ResTime" : 1137.6499999999996,
    "pct3ResTime" : 1242.92,
    "throughput" : 8.831711732929037,
    "receivedKBytesPerSec" : 6.517067282923885,
    "sentKBytesPerSec" : 1.1815864330188264
  },
  "auth" : {
    "transaction" : "auth",
    "sampleCount" : 600,
    "errorCount" : 600,
    "errorPct" : 100.0,
    "meanResTime" : 4893.12,
    "medianResTime" : 5010.5,
    "minResTime" : 3461.0,
    "maxResTime" : 6973.0,
    "pct1ResTime" : 5787.4,
    "pct2ResTime" : 6058.199999999999,
    "pct3ResTime" : 6357.71,
    "throughput" : 9.980205924915584,
    "receivedKBytesPerSec" : 7.5739756774064775,
    "sentKBytesPerSec" : 2.4658125966832447
  },
  "Createbooking" : {
    "transaction" : "Createbooking",
    "sampleCount" : 600,
    "errorCount" : 0,
    "errorPct" : 0.0,
    "meanResTime" : 1186.9949999999997,
    "medianResTime" : 1015.0,
    "minResTime" : 313.0,
    "maxResTime" : 4019.0,
    "pct1ResTime" : 1908.8999999999992,
    "pct2ResTime" : 2961.449999999998,
    "pct3ResTime" : 3809.71,
    "throughput" : 7.9672810325596215,
    "receivedKBytesPerSec" : 7.392765376852392,
    "sentKBytesPerSec" : 3.641296409412014
  },
  "Total" : {
    "transaction" : "Total",
    "sampleCount" : 4800,
    "errorCount" : 600,
    "errorPct" : 12.5,
    "meanResTime" : 2792.790416666667,
    "medianResTime" : 1084.0,
    "minResTime" : 292.0,
    "maxResTime" : 20756.0,
    "pct1ResTime" : 8018.500000000003,
    "pct2ResTime" : 13409.549999999996,
    "pct3ResTime" : 16836.839999999997,
    "throughput" : 57.699242697439594,
    "receivedKBytesPerSec" : 1382.8635409153744,
    "sentKBytesPerSec" : 15.657399477100613
  },
  "Update booking" : {
    "transaction" : "Update booking",
    "sampleCount" : 600,
    "errorCount" : 0,
    "errorPct" : 0.0,
    "meanResTime" : 1101.3716666666662,
    "medianResTime" : 1043.5,
    "minResTime" : 328.0,
    "maxResTime" : 3860.0,
    "pct1ResTime" : 1512.0,
    "pct2ResTime" : 1621.9499999999998,
    "pct3ResTime" : 1885.98,
    "throughput" : 8.412433576826551,
    "receivedKBytesPerSec" : 7.56122236165052,
    "sentKBytesPerSec" : 4.148709918259187
  },
  "get_booking" : {
    "transaction" : "get_booking",
    "sampleCount" : 600,
    "errorCount" : 0,
    "errorPct" : 0.0,
    "meanResTime" : 982.4650000000015,
    "medianResTime" : 897.0,
    "minResTime" : 333.0,
    "maxResTime" : 3780.0,
    "pct1ResTime" : 1494.1999999999996,
    "pct2ResTime" : 1750.599999999998,
    "pct3ResTime" : 1853.98,
    "throughput" : 8.21658929378415,
    "receivedKBytesPerSec" : 7.389901982936883,
    "sentKBytesPerSec" : 1.3801302329403065
  },
  "Delete booking" : {
    "transaction" : "Delete booking",
    "sampleCount" : 600,
    "errorCount" : 0,
    "errorPct" : 0.0,
    "meanResTime" : 982.5249999999995,
    "medianResTime" : 978.5,
    "minResTime" : 301.0,
    "maxResTime" : 2522.0,
    "pct1ResTime" : 1461.6999999999998,
    "pct2ResTime" : 1522.8999999999999,
    "pct3ResTime" : 1867.6900000000003,
    "throughput" : 8.689858934623295,
    "receivedKBytesPerSec" : 6.39904013266518,
    "sentKBytesPerSec" : 1.960309974509747
  },
  "Getbookig_ids" : {
    "transaction" : "Getbookig_ids",
    "sampleCount" : 600,
    "errorCount" : 0,
    "errorPct" : 0.0,
    "meanResTime" : 11644.124999999993,
    "medianResTime" : 12157.0,
    "minResTime" : 1882.0,
    "maxResTime" : 20756.0,
    "pct1ResTime" : 16568.0,
    "pct2ResTime" : 17187.449999999993,
    "pct3ResTime" : 18588.81,
    "throughput" : 7.8390384112882145,
    "receivedKBytesPerSec" : 1457.0614629605434,
    "sentKBytesPerSec" : 1.0717435327933107
  }
}