{
  "Partial Update Booking" : {
    "transaction" : "Partial Update Booking",
    "sampleCount" : 100,
    "errorCount" : 0,
    "errorPct" : 0.0,
    "meanResTime" : 381.9100000000001,
    "medianResTime" : 370.0,
    "minResTime" : 306.0,
    "maxResTime" : 495.0,
    "pct1ResTime" : 468.8,
    "pct2ResTime" : 479.0,
    "pct3ResTime" : 494.9,
    "throughput" : 18.294914013904133,
    "receivedKBytesPerSec" : 16.490435190267107,
    "sentKBytesPerSec" : 5.659274377972923
  },
  "Health Check" : {
    "transaction" : "Health Check",
    "sampleCount" : 100,
    "errorCount" : 0,
    "errorPct" : 0.0,
    "meanResTime" : 311.2599999999999,
    "medianResTime" : 309.0,
    "minResTime" : 293.0,
    "maxResTime" : 359.0,
    "pct1ResTime" : 321.9,
    "pct2ResTime" : 324.95,
    "pct3ResTime" : 358.96,
    "throughput" : 18.48428835489834,
    "receivedKBytesPerSec" : 13.652379852125692,
    "sentKBytesPerSec" : 2.4729956099815156
  },
  "auth" : {
    "transaction" : "auth",
    "sampleCount" : 100,
    "errorCount" : 100,
    "errorPct" : 100.0,
    "meanResTime" : 3143.61,
    "medianResTime" : 3168.5,
    "minResTime" : 2693.0,
    "maxResTime" : 3467.0,
    "pct1ResTime" : 3446.0,
    "pct2ResTime" : 3453.95,
    "pct3ResTime" : 3466.97,
    "throughput" : 28.81844380403458,
    "receivedKBytesPerSec" : 21.838976945244955,
    "sentKBytesPerSec" : 7.120181916426513
  },
  "Createbooking" : {
    "transaction" : "Createbooking",
    "sampleCount" : 100,
    "errorCount" : 0,
    "errorPct" : 0.0,
    "meanResTime" : 344.08,
    "medianResTime" : 341.0,
    "minResTime" : 294.0,
    "maxResTime" : 401.0,
    "pct1ResTime" : 384.0,
    "pct2ResTime" : 392.84999999999997,
    "pct3ResTime" : 400.99,
    "throughput" : 18.16860465116279,
    "receivedKBytesPerSec" : 16.84925168059593,
    "sentKBytesPerSec" : 8.303620094476745
  },
  "Total" : {
    "transaction" : "Total",
    "sampleCount" : 800,
    "errorCount" : 100,
    "errorPct" : 12.5,
    "meanResTime" : 1116.796249999998,
    "medianResTime" : 370.0,
    "minResTime" : 293.0,
    "maxResTime" : 7250.0,
    "pct1ResTime" : 3357.7,
    "pct2ResTime" : 3599.5999999999967,
    "pct3ResTime" : 5995.1500000000015,
    "throughput" : 62.686099357467484,
    "receivedKBytesPerSec" : 1389.0446858838739,
    "sentKBytesPerSec" : 17.003298366243534
  },
  "Update booking" : {
    "transaction" : "Update booking",
    "sampleCount" : 100,
    "errorCount" : 0,
    "errorPct" : 0.0,
    "meanResTime" : 381.78000000000003,
    "medianResTime" : 376.5,
    "minResTime" : 304.0,
    "maxResTime" : 483.0,
    "pct1ResTime" : 462.9,
    "pct2ResTime" : 469.79999999999995,
    "pct3ResTime" : 482.99,
    "throughput" : 18.331805682859763,
    "receivedKBytesPerSec" : 16.457808203483044,
    "sentKBytesPerSec" : 9.036291246562786
  },
  "get_booking" : {
    "transaction" : "get_booking",
    "sampleCount" : 100,
    "errorCount" : 0,
    "errorPct" : 0.0,
    "meanResTime" : 342.83,
    "medianResTime" : 334.0,
    "minResTime" : 302.0,
    "maxResTime" : 411.0,
    "pct1ResTime" : 387.9,
    "pct2ResTime" : 403.5499999999999,
    "pct3ResTime" : 410.99,
    "throughput" : 18.331805682859763,
    "receivedKBytesPerSec" : 16.449215169569204,
    "sentKBytesPerSec" : 3.0748739688359303
  },
  "Delete booking" : {
    "transaction" : "Delete booking",
    "sampleCount" : 100,
    "errorCount" : 0,
    "errorPct" : 0.0,
    "meanResTime" : 376.49,
    "medianResTime" : 368.5,
    "minResTime" : 303.0,
    "maxResTime" : 488.0,
    "pct1ResTime" : 466.5,
    "pct2ResTime" : 471.0,
    "pct3ResTime" : 487.87999999999994,
    "throughput" : 18.261504747991232,
    "receivedKBytesPerSec" : 13.455732971146823,
    "sentKBytesPerSec" : 4.115258628560993
  },
  "Getbookig_ids" : {
    "transaction" : "Getbookig_ids",
    "sampleCount" : 100,
    "errorCount" : 0,
    "errorPct" : 0.0,
    "meanResTime" : 3652.4099999999994,
    "medianResTime" : 3327.0,
    "minResTime" : 2068.0,
    "maxResTime" : 7250.0,
    "pct1ResTime" : 5567.800000000002,
    "pct2ResTime" : 6271.199999999999,
    "pct3ResTime" : 7244.4699999999975,
    "throughput" : 13.757050488375294,
    "receivedKBytesPerSec" : 2358.134715916907,
    "sentKBytesPerSec" : 1.8808467464575596
  }
}